대상,스킬명,Lv5,Lv6,Lv7,Lv8,Lv9,Lv10
투수,마당쇠(불펜),24.45,29.33,34.2,39.08,43.96,48.84
투수,좌승사자(좌투),22.34,27.92,35.27,42.62,49.97,57.32
투수,황금세대,17.04,24.72,,,,
투수,타순공략,19.83,24.5,,,,
투수,위기탈출,19.9,24.5,,,,
투수,긴급투입(추격조)☆,19.19,22.11,25.04,27.96,30.88,33.8
투수,철완(140149),19.2,21.6,21.6,21.6,21.6,21.6
투수,철완(134139),16.8,21.6,21.6,21.6,21.6,21.6
투수,저니맨,16.07,20.51,24.94,29.38,33.82,38.26
투수,파이어볼,17.0,20.23,23.45,26.68,29.91,33.14
투수,빅게임헌터,18.75,20.1,23.85,25.2,27.95,29.3
투수,투쟁심,15.26,19.3,,,,
투수,철완(120133),16.8,19.2,19.2,19.2,19.2,19.2
투수,철완(117119),14.4,19.2,19.2,19.2,19.2,19.2
투수,패기(임팩불펜),16.8,19.2,21.6,24.0,26.4,28.8
투수,해결사,15.65,19.03,,,,
투수,필승카드☆,14.23,18.39,22.55,26.7,30.85,35.0
투수,패기(임팩선발),15.96,18.24,20.52,22.8,25.08,27.36
투수,전승우승,12.86,18.1,,,,
투수,원투펀치(배치O),13.6,17.4,21.2,25.0,28.8,32.6
투수,워크에식(중계),17.06,17.06,19.46,19.46,21.86,21.86
투수,비FA계약,14.4,16.8,19.2,21.6,24.0,26.4
투수,리그탑플레이어,14.4,16.8,19.2,21.6,24.0,26.4
투수,구속제어,14.4,16.8,21.6,26.4,31.2,36.0
투수,전천후,14.4,16.8,19.2,21.6,24.0,26.4
투수,순위경쟁,14.4,16.8,19.2,21.6,24.0,26.4
투수,철완(100116),14.4,16.8,16.8,16.8,16.8,16.8
투수,수호신(마무리),14.4,16.8,19.2,21.6,24.0,26.4
투수,도전정신(4성),13.8,16.2,18.6,21.0,23.4,25.8
투수,가을사나이,13.35,15.75,18.15,20.55,22.95,25.35
투수,패기(시그/올스타불펜),13.61,15.55,17.5,19.44,21.38,23.32
투수,약속의8회,12.48,15.12,,,,
투수,긴급투입(롱릴리프)☆,13.16,15.05,16.93,18.82,20.71,22.6
투수,오버페이스(선발),14.53,14.53,16.93,16.93,19.33,19.33
투수,국대에이스(버프X),12.0,14.4,,,,
투수,도전정신(5성),12.0,14.4,16.8,19.2,21.6,24.0
투수,홈어드밴티지,12.0,14.4,16.8,19.2,21.6,24.0
투수,에이스,12.0,14.4,16.8,19.2,21.6,24.0
투수,국민계투,12.32,14.3,,,,
투수,좌승사자(우투),10.76,14.06,16.46,18.86,21.26,23.66
투수,워크에식(마무리),13.68,13.68,16.08,16.08,18.48,18.48
투수,승리의함성(마무리),11.68,13.64,15.61,17.58,19.55,21.52
투수,난세의영웅(선발),9.6,13.44,14.88,18.72,20.16,24.0
투수,워크에식(선발),13.37,13.37,15.77,15.77,18.17,18.17
투수,부동심,11.4,13.32,15.67,18.01,20.35,22.69
투수,긴급투입(선발)☆,11.6,13.19,14.77,16.35,17.93,19.51
투수,수호신(셋업2),10.94,12.77,14.59,16.42,18.25,20.08
투수,원포인트릴리프(셋업/마무리),10.85,12.67,14.48,16.3,18.12,19.94
투수,승리의함성(필승조),10.54,12.35,14.15,15.96,17.77,19.58
투수,패기(시그/올스타선발),10.75,12.29,13.82,15.36,16.9,18.44
투수,베스트포지션,9.6,12.0,16.8,21.6,26.4,31.2
투수,마당쇠(선발),9.6,12.0,14.4,16.8,19.2,21.6
투수,라이징스타(추격조),9.98,11.77,13.55,15.34,17.13,18.92
투수,원포인트릴리프(셋업제외중계),10.01,11.73,13.46,15.18,16.9,18.62
투수,오버페이스(중계),11.52,11.52,13.92,13.92,16.32,16.32
투수,집념,8.47,11.03,13.87,17.34,20.81,24.28
투수,얼리스타트(셋업/마무리),9.07,11.0,12.93,14.86,16.79,18.72
투수,원투펀치(배치X),8.1,10.8,13.5,16.2,18.9,21.6
투수,수호신(승리조),9.22,10.75,12.29,13.82,15.35,16.88
투수,첫단추(선발),8.88,10.58,12.28,13.99,15.7,17.41
투수,집중력,8.45,10.57,11.62,13.74,15.86,17.98
투수,얼리스타트(셋업제외중계),8.58,10.39,12.2,14.0,15.8,17.6
투수,승부사,8.77,10.12,11.47,12.82,14.17,15.52
투수,얼리스타트(선발),8.03,9.7,11.37,13.04,14.71,16.38
투수,오버페이스(마무리),9.5,9.5,11.9,11.9,14.3,14.3
투수,아티스트,8.4,9.45,10.5,11.55,12.6,13.65
투수,언터쳐블,8.4,9.45,10.5,11.55,12.6,13.65
투수,난세의영웅(불펜),6.24,9.41,10.18,13.34,14.11,17.27
투수,흐름끊기(셋업/마무리),7.95,9.27,10.6,11.92,13.24,14.56
투수,패기(골글),8.06,9.22,10.37,11.52,12.67,13.82
투수,승리의함성(선발),7.74,9.15,10.56,11.96,13.36,14.76
투수,백전노장,7.32,9.05,10.45,11.84,13.23,14.62
투수,승리의함성(롱릴리프),7.52,8.89,10.27,11.64,13.01,14.38
투수,원포인트릴리프(선발),6.88,8.25,9.63,11.0,12.37,13.74
투수,라이징스타(3~5선발),6.93,8.11,9.29,10.46,11.63,12.8
투수,첫단추(불펜),6.75,8.1,9.45,10.8,12.15,13.5
투수,평정심,6.75,8.1,9.45,10.8,12.15,13.5
투수,라이징스타(배치X),6.3,7.35,8.4,9.45,10.5,11.55
투수,흐름끊기(셋업제외불펜),6.29,7.32,8.38,9.41,10.44,11.47
투수,긴급투입(필승조/마무리)☆,6.59,7.28,7.89,8.51,9.13,9.75
투수,위닝샷,4.34,7.07,7.39,7.72,8.05,8.38
투수,승리의함성(추격조),5.63,6.73,7.84,8.94,10.04,11.14
투수,우타킬러(좌투),5.29,6.35,7.4,8.47,9.54,10.61
투수,타선지원,4.5,5.4,6.3,7.2,8.1,9.0
투수,수호신(추격조/롱릴리프),4.61,5.38,6.14,6.91,7.68,8.45
투수,우타킬러(우투),4.48,5.37,6.27,7.16,8.05,8.94
투수,완급조절,3.84,4.61,5.38,6.14,6.9,7.66
투수,좌타킬러(우투),3.66,4.4,5.13,5.86,6.59,7.32
투수,클러치피처,3.36,4.03,4.7,5.38,6.06,6.74
투수,좌타킬러(좌투),2.85,3.42,3.99,4.55,5.11,5.67
투수,위기관리,2.86,3.33,3.81,4.29,4.77,5.25
투수,변화구선호,2.44,2.92,3.45,3.9,4.35,4.8
투수,기선제압(셋업/마무리),2.43,2.92,3.4,3.88,4.36,4.84
투수,기선제압(셋업제외불펜),1.91,2.3,2.68,3.06,3.44,3.82
투수,더러운볼끝,1.76,2.05,2.34,2.63,2.92,3.21
투수,수호신(선발),1.21,1.41,1.61,1.81,2.01,2.21
투수,속구선호,1.36,1.36,1.81,1.81,1.81,1.81
투수,자신감,1.16,1.35,1.55,1.74,1.93,2.12
투수,흐름끊기(선발),1.1,1.28,1.46,1.64,1.82,2.0
투수,수호신(셋업1),0.58,0.67,0.77,0.86,0.95,1.04
투수,진검승부,0.48,0.58,0.67,0.77,0.87,0.97
투수,기선제압(선발),0.33,0.4,0.46,0.53,0.6,0.67
타자,스위치히터(양타),21.9,25.65,30.2,35.3,39.85,44.95
타자,포수리드(버프포함),13.51,25.44,26.44,35.95,36.95,46.46
타자,황금세대,17.04,24.72,,,,
타자,정밀타격,20.7,24.59,28.48,32.37,36.26,40.15
타자,빈틈없는타선(타순O),17.93,23.83,,,,
타자,국대테이블세터,14.97,22.9,,,,
타자,좌타해결사(좌타),19.58,22.22,24.07,26.71,27.36,29.76
타자,해결사,17.76,21.98,,,,
타자,워크에식,20.76,20.76,23.16,23.16,25.56,25.56
타자,빅게임헌터,19.0,20.4,24.2,25.6,29.4,30.8
타자,전승우승,14.28,20.23,,,,
타자,저니맨,15.28,19.92,24.56,29.2,33.84,38.48
타자,빈틈없는타선(타순X),13.13,19.03,,,,
타자,"선봉장(타순배치,주루142+)",15.33,18.59,25.23,30.02,34.02,36.8
타자,좌타해결사(양타),16.8,18.52,20.37,22.09,23.16,24.72
타자,오버페이스,18.36,18.36,20.76,20.76,23.16,26.4
타자,대표타자,14.4,16.8,19.2,21.6,24.0,26.4
타자,리그탑플레이어,14.4,16.8,19.2,21.6,24.0,26.4
타자,투쟁심,13.32,16.38,,,,
타자,도전정신(4성),13.85,16.25,18.65,21.05,23.45,25.85
타자,"선봉장(타순배치,주루130~141)",13.38,15.99,21.99,26.13,28.45,31.98
타자,컨택트히터(타순배치),12.2,15.85,18.25,21.9,24.3,27.95
타자,배팅머신,13.5,15.75,18.0,20.25,22.5,24.75
타자,약속의8회,12.48,15.12,,,,
타자,가을사나이,12.65,14.9,17.15,19.4,21.65,23.9
타자,대도,11.32,14.88,16.28,19.84,21.24,24.8
타자,공포의하위타선(타순O),12.53,14.86,17.2,19.53,21.86,24.19
타자,5툴플레이어(275299),9.25,14.8,14.8,20.35,20.35,25.9
타자,5툴플레이어(267274),9.25,14.8,14.8,18.5,18.5,24.05
타자,국대에이스(버프X),12.0,14.4,,,,
타자,도전정신(5성),12.0,14.4,16.8,19.2,21.6,24.0
타자,"선봉장(타순배치,주루129이하)",10.27,13.4,18.75,22.24,25.28,28.37
타자,순위경쟁,11.15,13.15,15.15,17.15,19.15,21.15
타자,"선봉장(타순배치X,주루142+)",9.78,13.04,17.83,22.62,24.77,27.55
타자,비FA계약,11.1,12.95,14.8,16.65,18.5,20.35
타자,5툴플레이어(250266),9.25,12.95,12.95,18.5,18.5,22.2
타자,5툴플레이어(234249),7.4,12.95,12.95,16.65,16.65,20.35
타자,홈어드밴티지,10.0,12.0,14.0,16.0,18.0,20.0
타자,얼리스타트,9.4,12.0,14.6,17.2,19.8,22.4
타자,베스트포지션,9.6,12.0,16.8,21.6,26.4,31.2
타자,백전노장,9.41,11.88,13.62,15.35,17.08,18.81
타자,좌타해결사(우타),11.66,11.66,13.51,13.51,15.36,15.36
타자,패기(임팩),10.08,11.52,12.96,14.4,,
타자,결정적한방,8.75,11.28,11.81,14.34,14.87,17.39
타자,수비안정성(타순O),8.4,11.2,14.0,16.8,19.6,22.4
타자,핵타선(타순O),9.25,11.1,12.95,14.8,16.65,18.5
타자,5툴플레이어(225233),7.4,11.1,11.1,16.65,16.65,20.35
타자,5툴플레이어(200224),7.4,11.1,11.1,14.8,14.8,18.5
타자,집중력,8.69,11.03,12.03,14.38,15.38,17.64
타자,스위치히터(좌타),9.94,10.82,14.42,16.18,19.78,21.54
타자,난세의영웅,7.2,10.56,11.52,14.88,15.84,19.2
타자,컨택트히터(타순X),7.92,10.56,13.2,15.84,18.48,21.12
타자,"선봉장(타순배치X,주루130~141)",7.83,10.44,14.52,16.56,19.2,22.73
타자,승부사,8.75,9.9,11.05,12.2,13.35,14.5
타자,승리의함성,8.26,9.74,11.2,12.66,14.12,15.58
타자,짜릿한손맛,7.3,9.5,9.85,12.05,12.4,14.6
타자,노림수,8.0,9.0,10.0,11.0,12.0,13.0
타자,스위치히터(우타),7.91,8.39,11.18,12.13,14.92,17.58
타자,"선봉장(타순배치X,주루129이하)",4.72,7.85,11.35,14.84,16.03,19.12
타자,우완킬러,6.01,7.22,8.42,9.62,10.82,12.02
타자,대타스페셜,5.78,6.93,8.09,9.24,10.39,11.54
타자,리드오프(타순O),5.8,6.2,7.6,8.0,8.4,8.4
타자,포수리드,5.0,6.0,7.0,8.0,9.0,10.0
타자,타선연결,5.0,6.0,7.0,8.0,9.0,10.0
타자,공포의하위타선(타순X),5.1,5.95,6.8,7.65,8.5,9.35
타자,히든카드,3.7,5.55,5.55,7.4,7.4,9.25
타자,어퍼스윙★,4.2,4.9,5.6,6.3,7.0,7.7
타자,테이블세터,4.06,4.87,5.68,6.5,7.32,8.14
타자,타점기계,4.22,4.87,5.57,6.26,6.95,7.64
타자,클러치히터,4.0,4.8,5.6,6.4,7.2,8.0
타자,패기(국대),4.2,4.8,5.4,6.0,6.6,7.2
타자,역전의명수,3.76,4.5,5.24,6.01,6.78,7.55
타자,승부근성,3.76,4.5,5.24,6.01,6.78,7.55
타자,좌완킬러,3.24,3.89,4.53,5.18,5.83,6.48
타자,패기(시그/올스타),3.36,3.84,4.32,4.8,5.28,5.76
타자,매의눈★,3.0,3.6,4.2,4.8,5.4,6.0
타자,하이볼히터,2.8,3.5,4.2,4.9,5.6,6.3
타자,초구공략,2.88,3.46,4.03,4.61,5.19,5.77
타자,변화구킬러,2.73,3.22,3.8,4.29,4.83,5.35
타자,리드오프(타순X),2.8,3.2,3.6,4.0,4.4,4.8
타자,스윗스팟,2.45,2.8,3.15,3.85,4.2,4.66
타자,당겨치기,2.0,2.4,2.8,3.2,3.6,4.0
타자,밀어치기,2.0,2.4,2.8,3.2,3.6,4.0
타자,직구킬러,1.97,2.33,2.75,3.11,3.5,3.88
타자,패기(골글),1.68,1.92,2.16,2.4,2.64,2.88
타자,진검승부,0.6,0.72,0.84,0.96,0.96,1.08
